{"-1": {"decoyid": [0, 2, 4, 3, 1], "total_score": [-803.6906037406003, -803.4192393847544, -803.0166710244567, -813.5572949997746, -803.8033267208792], "dG": [-46.12625946345588, -46.033260459331814, -46.02412177871588, -46.0076980473508, -42.82535532183988], "seq": ""}}