{"cdr_name": "h3", "canonical_cluster": "H3-13-2", "total_bd_cluster_final": 5.019725707657486, "min_bd_cluster_final": 4.7975656994422184, "bd_dict_final": {"H3-13-cis7-1": [0.5458464837014763, 0.7637807655601373, 0.7578213233815143, 1.3309585854674095, 2.5053176106563613, 0.6160919508603184, 1.2670913064545517, 0.514193185807393, 0.32839421998943114, 1.9560115619751943, 1.3540251107657293], "H3-13-cis8-1": [Infinity, 1.9560115619751943, 1.6094378975329393, 1.812170430096416, Infinity, Infinity, 1.406705382821987, 0.6735368446474289, 1.2628643814152491, 1.9560115619751943, 1.1512925532188167], "H3-13-3": [1.3217557878282566, 1.163565243320008, 0.8879912815190907, 0.7516490568801624, 1.6683294104980708, 0.5561207296645945, 0.407188943776067, 0.5327437019316026, 0.5792331265498928, 1.6094378602800377, 0.9354141509507389], "H3-13-1": [0.3193774330817786, 0.15097037948222905, 0.6168732654380709, 0.5271415729564896, 0.44355147799466316, 0.22247703872059538, 0.4209769420831735, 0.25011291937494334, 0.1536592907437265, 0.9491796746830503, 0.7432457048834976], "H3-13-2": [0.36529524035568095, 0.4326819477102377, 0.3106816040759101, 0.41158743595842867, 0.4110074777616744, 0.1781275851633725, 0.4635622390010626, 0.27123204391167416, 0.14273452213939694, 1.4067364921582994, 0.6260791194217474]}}