,filename,dG,seq,design_id,Unnamed: 0,index,Decoy,Score,OCD,H Fr,H1,H2,H3,L Fr,L1,L2,L3,Lowest,seq_ff
0,/scratch16/jgray21/smahaja4_active/repositories/FvHallucinator//examples/herceptin_cdrh3/virtual_binding/relaxed_mutants/1n8z_Ag_trunc_relax_034_004.pdb,-41.685212234260575,EENQSGNAYIY,34,34,0,0.0,-722.2983077861767,3.988546692711549,0.3465073425627268,0.4824899801965381,0.4499120154174066,1.7963252461687025,0.2877515879776898,0.239827226343337,0.3904718147962203,0.4177136335754781,1,EENQSGNAYIY
